<!--Latest commit 306da0e on Nov 11, 2020-->
<window>
  <style name="default">
    <normal bg_color="#FFFFFF"/>
  </style>
</window>

<calibration_win>
  <style name="default">
    <normal bg_color="#F7F7F7" border_color="#C2C2C2" fg_color="#444444" text_color="#444444"/>
  </style>
</calibration_win>

<popup>
  <style name="default" border_color="#a0a0a0">
    <normal bg_color="#f0f0f0"/>
  </style>
  <style name="dark">
    <normal bg_color="#808080"/>
  </style>
  <style name="combobox_popup">
    <normal bg_color="#808080"/>
  </style>
</popup>

<button>
<style name="transparent" border_width="0">
    <normal  />
    <pressed />
    <over />
    <focused />
    <disable />
  </style>
  <style name="default" bg_color="#F4F4F4" border_color="#338FFF" border_width="1" round_radius="4" text_color="#444444">
    <normal border_color="#C2C2C2"/>
    <disable bg_color="#F4F4F466" border_color="#C2C2C266" text_color="#44444466"/>
    <focused/>
    <over bg_color="#338FFF" text_color="#FFFFFF"/>
    <pressed bg_color="#1971DD" border_color="#1971DD" text_color="#FFFFFF"/>
  </style>
  <style name="combobox_down" bg_color="#F2F2F2" border_color="#C2C2C2">
    <normal border_color="#FFFFFF" icon="arrow_down_n"/>
    <disable bg_color="#F2F2F266" border_color="#C2C2C266" icon="arrow_down_d"/>
    <over icon="arrow_down_o"/>
    <pressed icon="arrow_down_p"/>
  </style>
  <style name="scroll_down" bg_color="#F2F2F2">
    <normal icon="arrow_down_n"/>
    <disable bg_color="#F2F2F266" border_color="#C2C2C266" icon="arrow_down_d"/>
    <over icon="arrow_down_o"/>
    <pressed icon="arrow_down_p"/>
  </style>
  <style name="scroll_left" bg_color="#F2F2F2">
    <normal icon="arrow_left_n"/>
    <disable bg_color="#F2F2F266" icon="arrow_left_d"/>
    <over icon="arrow_left_o"/>
    <pressed icon="arrow_left_p"/>
  </style>
  <style name="scroll_right" bg_color="#F2F2F2">
    <normal icon="arrow_right_n"/>
    <disable bg_color="#F2F2F266" icon="arrow_right_d"/>
    <over icon="arrow_right_o"/>
    <pressed icon="arrow_right_p"/>
  </style>
  <style name="scroll_up" bg_color="#F2F2F2">
    <normal icon="arrow_up_n"/>
    <disable bg_color="#F2F2F266" icon="arrow_up_d"/>
    <over icon="arrow_up_o"/>
    <pressed icon="arrow_up_p"/>
  </style>
  <style name="spinbox_down" bg_color="#F2F2F2" border_color="#C2C2C2">
    <normal icon="arrow_down_n"/>
    <disable bg_color="#F2F2F266" border_color="#C2C2C266" icon="arrow_down_d"/>
    <over icon="arrow_down_o"/>
    <pressed icon="arrow_down_p"/>
  </style>
  <style name="spinbox_left" bg_color="#F2F2F2" border_color="#C2C2C2">
    <normal icon="arrow_left_n"/>
    <disable bg_color="#F2F2F266" border_color="#C2C2C266" icon="arrow_left_d"/>
    <over icon="arrow_left_o"/>
    <pressed icon="arrow_left_p"/>
  </style>
  <style name="spinbox_right" bg_color="#F2F2F2" border_color="#C2C2C2">
    <normal icon="arrow_right_n"/>
    <disable bg_color="#F2F2F266" border_color="#C2C2C266" icon="arrow_right_d"/>
    <over icon="arrow_right_o"/>
    <pressed icon="arrow_right_p"/>
  </style>
  <style name="spinbox_up" bg_color="#F2F2F2" border_color="#C2C2C2">
    <normal icon="arrow_up_n"/>
    <disable bg_color="#F2F2F266" border_color="#C2C2C266" icon="arrow_up_d"/>
    <over icon="arrow_up_o"/>
    <pressed icon="arrow_up_p"/>
  </style>
</button>

<edit >
  <style name="default" border_color="#c2c2c2"  text_color="#444444" text_align_h="left" selected_fg_color="#020202" tips_text_color="#444444" selected_text_color="#010101" selected_bg_color="#b5d7fd">
    <normal  />
    <focused />
    <disable />
    <changed  />
    <error />
    <empty  />
    <empty_focus />
  </style>
  <style name="number" border_color="#a0a0a0"  text_color="black" text_align_h="right">
    <normal     bg_color="#f0f0f0" />
    <focused    bg_color="#f0f0f0" border_color="black"/>
    <disable    bg_color="gray" text_color="#d0d0d0" />
    <error      bg_color="#f0f0f0" text_color="red" />
    <empty      bg_color="#f0f0f0" text_color="#a0a0a0" />
    <empty_focus bg_color="#f0f0f0" text_color="#a0a0a0" border_color="black"/>
  </style>
  <style name="line" border="bottom" border_color="#a0a0a0"  text_color="black" text_align_h="left" text_align_v="bottom">
    <normal     bg_color="#f0f0f0" />
    <focused    bg_color="#f0f0f0" border_color="black"/>
    <disable    bg_color="gray" text_color="#d0d0d0" />
    <error      bg_color="#f0f0f0" text_color="red" />
    <empty      bg_color="#f0f0f0" text_color="#a0a0a0" />
    <empty_focus bg_color="#f0f0f0" text_color="#a0a0a0" border_color="black"/>
  </style>
</edit>

<spin_box>
  <style name="default" selected_text_color="#010101" selected_bg_color="#b5d7fd" tips_text_color="#444444" border_color="#c2c2c2" bg_color="#f7f7f7"  text_color="#444444" text_align_h="left">
    <normal      />
    <focused  />
    <disable    />
    <error      />
    <empty    />
    <empty_focus />
  </style>
</spin_box>

<digit_clock>
  <style name="default">
    <normal text_color="black" />
  </style>
</digit_clock>

<lang_indicator>
  <style name="default">
    <normal text_color="white" bg_color="#1296db"/>
  </style>
</lang_indicator>

<label>
  <style name="default" border_width="1">
    <normal text_color="#444444"/>
    <disable text_color="#44444466"/>
  </style>
</label>

<progress_bar>
  <style name="default" round_radius="5">
    <normal bg_color="#D8D8D8" border_color="#D8D8D8" fg_color="#338FFF" text_color="#444444"/>
    <disable bg_color="#D8D8D866" border_color="#D8D8D866" fg_color="#338FFF66" text_color="#44444466"/>
  </style>
</progress_bar>
<slider>
  <style name="default" bg_color="#D8D8D8" fg_color="#338FFF" icon="rounded_n" round_radius="5">
    <normal/>
    <disable bg_color="#D8D8D866" fg_color="#338FFF66"/>
    <focused icon="rounded_o"/>
    <over icon="rounded_o"/>
    <pressed icon="rounded_p"/>
  </style>
  <style name="img" bg_image="slider_bg" fg_image="slider_fg">
    <normal icon="rounded_n"/>
    <over icon="rounded_o"/>
    <pressed icon="rounded_p"/>
  </style>
</slider>

<group_box>
  <style name="default">
    <has_value has_value="1"/>
  </style>
</group_box>

<check_button>
  <style name="default" icon_at="left" text_align_v="middle" text_color="#444444" border_color="#00000000"  text_color="#444444">
    <normal icon="check_n"/>
    <disable icon="check_d" text_color="#44444466"/>
    <disable_of_checked icon="check_checked_d" text_color="#44444466"/>
    <focused icon="check_f"/>
    <focused_of_checked icon="check_checked_f"/>
    <normal_of_checked icon="check_checked_n"/>
    <over icon="check_o"/>
    <over_of_checked icon="check_checked_o"/>
    <pressed icon="check_p"/>
    <pressed_of_checked icon="check_checked_p"/>
  </style>
</check_button>

<radio_button>
  <style name="default" icon_at="left" text_color="#444444">
    <normal icon="radio_n"/>
    <disable icon="radio_d" text_color="#44444466"/>
    <disable_of_checked icon="radio_checked_d" text_color="#44444466"/>
    <focused icon="radio_f"/>
    <focused_of_checked icon="radio_checked_f"/>
    <normal_of_checked icon="radio_checked_n"/>
    <over icon="radio_o"/>
    <over_of_checked icon="radio_checked_o"/>
    <pressed icon="radio_p"/>
    <pressed_of_checked icon="radio_checked_p"/>
  </style>
</radio_button>

<image>
  <style name="default">
    <normal text_color="#444444"/>
  </style>
</image>

<dialog>
  <style name="default">
    <normal bg_color="#FFFFFF" border_color="#C2C2C2"/>
  </style>
</dialog>

<scroll_bar_m>
  <style name="default">
    <normal fg_color="#808080"/>
    <disable fg_color="#80808066"/>
  </style>
</scroll_bar_m>

<scroll_bar_d>
  <style name="default" bg_color="#F0F0F0" border_color="#BEBEBE">
    <normal/>
    <disable bg_color="#F0F0F066" border_color="#BEBEBE66"/>
    <over/>
    <pressed/>
  </style>
</scroll_bar_d>

<dragger>
  <style name="default" bg_color="#9E9E9E">
    <normal/>
    <over/>
    <pressed/>
  </style>
  <style name="scroll_bar" bg_color="#C0C0C0">
    <normal bg_color="#D0D0D0"/>
    <disable bg_color="#C0C0C066"/>
    <over/>
    <pressed/>
  </style>
</dragger>

<list_item>
  <style name="default" border_color="#E9E9E9" text_color="#444444">
    <normal bg_color="#FFFFFF"/>
    <disable border_color="#E9E9E966" text_color="#44444466"/>
    <over bg_color="#FFFFFF" border_color="#338FFF"/>
    <pressed bg_color="#338FFF" text_color="#FFFFFF"/>
  </style>
</list_item>

<tab_button>
  <style name="default" bg_color="#FFFFFF" border_color="#C2C2C2" text_color="#444444">
    <normal bg_color="#F4F4F4"/>
    <disable bg_color="#F4F4F466" border_color="#C2C2C266" text_color="#44444466"/>
    <disable_of_active bg_color="#F4F4F466" border="left|right|top" border_color="#C2C2C266" text_color="#44444466"/>
    <normal_of_active border="left|right|top"/>
    <over text_color="#1971DD"/>
    <over_of_active border="left|right|top" text_color="#1971DD"/>
    <pressed bg_color="#CECDCD"/>
    <pressed_of_active border="left|right|top" text_color="#1971DD"/>
  </style>
</tab_button>

<tab_button_group>
  <style name="default">
    <has_value has_value="1"/>
  </style>
  <style name="scrollable">
    <normal border="left|right" border_color="#A0A0A0"/>
  </style>
</tab_button_group>

<combo_box>
  <style name="default" bg_color="#F7F7F7" border_color="#C2C2C2" selected_bg_color="#B5D7FD" selected_text_color="#010101" text_align_h="left" text_color="#444444">
    <normal/>
    <disable bg_color="#F7F7F766" border_color="#C2C2C266" text_color="#44444466"/>
    <empty text_color="#959494"/>
    <empty_focus text_color="#959494"/>
    <error border_color="#FF0000"/>
    <focused border_color="#338FFF"/>
  </style>
</combo_box>

<combo_box_ex>
  <style name="default" bg_color="#F7F7F7" border_color="#C2C2C2" selected_bg_color="#B5D7FD" selected_text_color="#010101" text_align_h="left" text_color="#444444">
    <normal/>
    <disable bg_color="#F7F7F766" border_color="#C2C2C266" text_color="#44444466"/>
    <empty text_color="#959494"/>
    <empty_focus text_color="#959494"/>
    <error border_color="#FF0000"/>
    <focused border_color="#338FFF"/>
  </style>
</combo_box_ex>

<combo_box_item>
  <style name="default" bg_color="#338FFF" icon_at="left" text_color="#FFFFFF">
    <normal bg_color="#FFFFFF" text_color="#444444"/>
    <disable bg_color="#F4F4F466" text_color="#44444466"/>
    <disable_of_checked bg_color="#F4F4F466" text_color="#44444466"/>
    <focused bg_color="#1296DB"/>
    <focused_of_checked/>
    <normal_of_checked/>
    <over bg_color="#1971DD"/>
    <over_of_checked bg_color="#1971DD"/>
    <pressed/>
    <pressed_of_checked/>
  </style>
</combo_box_item>

<text_selector>
  <style name="default" bg_color="#FFFFFF" fg_color="#C2C2C2" text_align_h="center">
    <normal border_color="#C2C2C2" mask_color="#404040" text_color="#444444"/>
    <disable border_color="#C2C2C266" mask_color="#C0C0C0" text_color="#44444466"/>
  </style>
</text_selector>

<switch>
  <style name="default" fg_color="#FFFFFF" margin="2" round_radius="11">
    <normal bg_color="#828282" selected_bg_color="#338FFF"/>
    <disable bg_color="#82828266" selected_bg_color="#338FFF66"/>
  </style>
</switch>

<slide_indicator>
  <style name="default">
    <normal fg_color="#338FFF40" selected_fg_color="#338FFF"/>
    <disable fg_color="#338FFF20" selected_fg_color="#338FFF66"/>
  </style>
</slide_indicator>

<slide_indicator_arc>
  <style name="default">
    <normal fg_color="#338FFF40" selected_fg_color="#338FFF"/>
    <disable fg_color="#338FFF20" selected_fg_color="#338FFF66"/>
  </style>
</slide_indicator_arc>

<progress_circle>
  <style name="default">
    <normal fg_color="#338FFF" text_color="#444444"/>
    <disable fg_color="#338FFF66" text_color="#44444466"/>
  </style>
</progress_circle>

<svg>
  <style name="default">
    <normal text_color="#444444"/>
  </style>
</svg>

<slide_menu>
  <style name="default">
    <normal     bg_color="#f0f0f0"/>
  </style>
  <style name="mask">
    <normal     bg_color="#f0f0f0" mask_color="#f0f0f0"/>
  </style>
</slide_menu>

<mledit>
  <style name="default" bg_color="#FFFFFF" border_color="#A0A0A0" selected_bg_color="#B5D7FD" selected_text_color="#010101" text_align_h="left" text_color="#444444">
    <normal/>
    <disable bg_color="#BEBEBE" text_color="#44444466"/>
    <empty text_color="#A0A0A0"/>
    <empty_focus text_color="#A0A0A0"/>
    <focused/>
  </style>
</mledit>

<line_number>
  <style name="default" text_align_h="center">
    <normal bg_color="#D0D0D0" text_color="#444444"/>
    <disable bg_color="#D0D0D066" text_color="#44444466"/>
  </style>
</line_number>

<hscroll_label>
  <style name="default">
    <normal text_color="#444444"/>
    <disable text_color="#44444466"/>
  </style>
</hscroll_label>

<image>
  <style name="default">
    <normal text_color="#444444"/>
  </style>
</image>