<window name="dashboard" x="0" y="0" w="800" h="480">
    <property name="style:normal:bg_color">
        <![CDATA[#070d15ff]]>
    </property>
    <property name="style:normal:border">
        <![CDATA[top|right|bottom]]>
    </property>
    <switch name="do0" x="595" y="76" w="60" h="25" value="false" feedback="true">
        <property name="style:normal:bg_color">
            <![CDATA[#636161]]>
        </property>
        <property name="style:normal:selected_bg_color">
            <![CDATA[#42d242ff]]>
        </property>
    </switch>
    <switch name="do1" x="666" y="75" w="60" h="25" value="false" feedback="true">
        <property name="style:normal:bg_color">
            <![CDATA[#636161]]>
        </property>
        <property name="style:normal:selected_bg_color">
            <![CDATA[#42d242ff]]>
        </property>
    </switch>
    <switch name="do1" x="666" y="75" w="60" h="25" value="false" feedback="true">
        <property name="style:normal:bg_color">
            <![CDATA[#636161]]>
        </property>
        <property name="style:normal:selected_bg_color">
            <![CDATA[#42d242ff]]>
        </property>
    </switch>
    <digit_clock name="digit_clock1" x="333" y="336" w="150" h="28" format="Y-M-D hh:mm:ss">
        <property name="style:normal:text_color">
            <![CDATA[#fcfcfdff]]>
        </property>
        <property name="style:normal:font_size">
            <![CDATA[21]]>
        </property>
    </digit_clock>
    <label name="ai0" x="90" y="142" w="85" h="30" text="-" length="-1">
        <property name="style:normal:text_color">
            <![CDATA[#1d1d21ff]]>
        </property>
        <property name="style:normal:font_size">
            <![CDATA[28]]>
        </property>
        <property name="style:normal:bg_color">
            <![CDATA[#f4f4f7ff]]>
        </property>
        <property name="style:normal:round_radius">
            <![CDATA[10]]>
        </property>
        <property name="style:normal:round_radius_top_left">
            <![CDATA[10]]>
        </property>
        <property name="style:normal:round_radius_top_right">
            <![CDATA[10]]>
        </property>
        <property name="style:normal:round_radius_bottom_left">
            <![CDATA[10]]>
        </property>
        <property name="style:normal:round_radius_bottom_right">
            <![CDATA[10]]>
        </property>
        <property name="style:normal:border_color">
            <![CDATA[#fcfcfdff]]>
        </property>
    </label>
    <label name="label6" x="41" y="143" w="49" h="28" text="AI0:" enable="false" sensitive="false" length="-1">
        <property name="style:normal:text_color">
            <![CDATA[#fbfbffff]]>
        </property>
        <property name="style:normal:font_name">
            <![CDATA[7thservice]]>
        </property>
        <property name="style:normal:font_size">
            <![CDATA[35]]>
        </property>
        <property name="style:disable:text_color">
            <![CDATA[#fcfcfdff]]>
        </property>
        <property name="style:disable:font_size">
            <![CDATA[25]]>
        </property>
    </label>
    <label name="ai1" x="90" y="176" w="85" h="30" text="-" length="-1">
        <property name="style:normal:text_color">
            <![CDATA[#fcfcfdff]]>
        </property>
        <property name="style:normal:font_size">
            <![CDATA[28]]>
        </property>
        <property name="style:normal:bg_color">
            <![CDATA[#ffffffff]]>
        </property>
        <property name="style:normal:round_radius">
            <![CDATA[10]]>
        </property>
        <property name="style:normal:round_radius_top_left">
            <![CDATA[10]]>
        </property>
        <property name="style:normal:round_radius_top_right">
            <![CDATA[10]]>
        </property>
        <property name="style:normal:round_radius_bottom_left">
            <![CDATA[10]]>
        </property>
        <property name="style:normal:round_radius_bottom_right">
            <![CDATA[10]]>
        </property>
        <property name="style:normal:border_color">
            <![CDATA[#fcfcfdff]]>
        </property>
    </label>
    <label name="label14" x="694" y="194" w="57" h="28" text="DI1" enable="false" sensitive="false" length="-1">
        <property name="style:normal:text_color">
            <![CDATA[#ffffffff]]>
        </property>
        <property name="style:normal:font_name">
            <![CDATA[7thservice]]>
        </property>
        <property name="style:normal:font_size">
            <![CDATA[35]]>
        </property>
        <property name="style:disable:text_color">
            <![CDATA[#fcfcfdff]]>
        </property>
        <property name="style:disable:font_size">
            <![CDATA[25]]>
        </property>
    </label>
    <label name="label15" x="562" y="194" w="57" h="28" text="DI0" enable="false" sensitive="false" length="-1">
        <property name="style:normal:text_color">
            <![CDATA[#fcfcffff]]>
        </property>
        <property name="style:normal:font_name">
            <![CDATA[7thservice]]>
        </property>
        <property name="style:normal:font_size">
            <![CDATA[35]]>
        </property>
        <property name="style:disable:text_color">
            <![CDATA[#fcfcfdff]]>
        </property>
        <property name="style:disable:font_size">
            <![CDATA[25]]>
        </property>
    </label>
    <label name="label18" x="245" y="139" w="88" h="28" text="AO0" enable="false" sensitive="false" length="-1">
        <property name="style:normal:text_color">
            <![CDATA[#fbfbffff]]>
        </property>
        <property name="style:normal:font_name">
            <![CDATA[7thservice]]>
        </property>
        <property name="style:normal:font_size">
            <![CDATA[35]]>
        </property>
        <property name="style:disable:text_color">
            <![CDATA[#fcfcfdff]]>
        </property>
        <property name="style:disable:font_size">
            <![CDATA[25]]>
        </property>
    </label>
    <label name="label23" x="553" y="76" w="56" h="28" text="DO0" enable="false" sensitive="false" length="-1">
        <property name="style:normal:text_color">
            <![CDATA[#fcfcffff]]>
        </property>
        <property name="style:normal:font_name">
            <![CDATA[7thservice]]>
        </property>
        <property name="style:normal:font_size">
            <![CDATA[35]]>
        </property>
        <property name="style:disable:text_color">
            <![CDATA[#fcfcfdff]]>
        </property>
        <property name="style:disable:font_size">
            <![CDATA[25]]>
        </property>
        <property name="style:disable:text_align_h">
            <![CDATA[left]]>
        </property>
    </label>
    <label name="label24" x="736" y="74" w="57" h="28" text="DO1" enable="false" sensitive="false" length="-1">
        <property name="style:normal:text_color">
            <![CDATA[#fcfcffff]]>
        </property>
        <property name="style:normal:font_name">
            <![CDATA[7thservice]]>
        </property>
        <property name="style:normal:font_size">
            <![CDATA[35]]>
        </property>
        <property name="style:disable:text_color">
            <![CDATA[#fcfcfdff]]>
        </property>
        <property name="style:disable:font_size">
            <![CDATA[25]]>
        </property>
        <property name="style:disable:text_align_h">
            <![CDATA[left]]>
        </property>
    </label>
    <label name="label31" x="40" y="176" w="50" h="28" text="AI1:" length="-1">
        <property name="style:normal:text_color">
            <![CDATA[#fcfcfdff]]>
        </property>
        <property name="style:normal:font_size">
            <![CDATA[25]]>
        </property>
    </label>
    <label name="label39" x="586" y="158" w="138" h="28" text="DIGITAL INPUTS" length="-1">
        <property name="style:normal:text_color">
            <![CDATA[#ffffffff]]>
        </property>
        <property name="style:normal:font_size">
            <![CDATA[25]]>
        </property>
    </label>
    <label name="label43" x="53" y="104" w="160" h="28" text="ANALOG INPUTS" length="-1">
        <property name="style:normal:text_color">
            <![CDATA[#fcfcfdff]]>
        </property>
        <property name="style:normal:font_size">
            <![CDATA[25]]>
        </property>
    </label>
    <label name="label44" x="580" y="38" w="160" h="28" text="DIGITAL OUTPUTS" length="-1">
        <property name="style:normal:font_size">
            <![CDATA[25]]>
        </property>
    </label>
    <label name="label45" x="329" y="104" w="160" h="28" text="ANALOG OUTPUTS" length="-1">
        <property name="style:normal:text_color">
            <![CDATA[#fcfcfdff]]>
        </property>
        <property name="style:normal:font_size">
            <![CDATA[25]]>
        </property>
    </label>
    <label name="label49" x="173" y="143" w="49" h="28" text="mA" enable="false" sensitive="false" length="-1">
        <property name="style:normal:text_color">
            <![CDATA[#fbfbffff]]>
        </property>
        <property name="style:normal:font_name">
            <![CDATA[7thservice]]>
        </property>
        <property name="style:normal:font_size">
            <![CDATA[35]]>
        </property>
        <property name="style:disable:text_color">
            <![CDATA[#fcfcfdff]]>
        </property>
        <property name="style:disable:font_size">
            <![CDATA[25]]>
        </property>
    </label>
    <label name="label50" x="173" y="176" w="49" h="28" text="mA" enable="false" sensitive="false" length="-1">
        <property name="style:normal:text_color">
            <![CDATA[#fbfbffff]]>
        </property>
        <property name="style:normal:font_name">
            <![CDATA[7thservice]]>
        </property>
        <property name="style:normal:font_size">
            <![CDATA[35]]>
        </property>
        <property name="style:disable:text_color">
            <![CDATA[#fcfcfdff]]>
        </property>
        <property name="style:disable:font_size">
            <![CDATA[25]]>
        </property>
    </label>
    <label name="label52" x="499" y="137" w="49" h="28" text="10V" enable="false" sensitive="false" length="-1">
        <property name="style:normal:text_color">
            <![CDATA[#fbfbffff]]>
        </property>
        <property name="style:normal:font_name">
            <![CDATA[7thservice]]>
        </property>
        <property name="style:normal:font_size">
            <![CDATA[35]]>
        </property>
        <property name="style:disable:text_color">
            <![CDATA[#fcfcfdff]]>
        </property>
        <property name="style:disable:font_size">
            <![CDATA[25]]>
        </property>
    </label>
    <label name="label56" x="580" y="38" w="160" h="28" text="DIGITAL OUTPUTS" length="-1">
        <property name="style:normal:text_color">
            <![CDATA[#fcfcfdff]]>
        </property>
        <property name="style:normal:font_size">
            <![CDATA[25]]>
        </property>
    </label>
    <label name="label77" x="307" y="33" w="192" h="28" text="LOCAL CONTROL" length="-1">
        <property name="style:normal:text_color">
            <![CDATA[#fcfcfdff]]>
        </property>
        <property name="style:normal:font_name">
            <![CDATA[radiospace]]>
        </property>
        <property name="style:normal:font_size">
            <![CDATA[33]]>
        </property>
    </label>
    <image name="di0" x="616" y="189" w="35" h="36" image="icons8_red_circle_48" draw_type="scale"/>
    <image name="di1" x="660" y="188" w="35" h="36" image="icons8_red_circle_48" draw_type="scale"/>
    <slider name="ao0" x="313" y="135" w="198" h="36" value="null" min="0" max="10" step="1" slide_with_bar="true">
        <property name="style:normal:bg_color">
            <![CDATA[#ffffffff]]>
        </property>
        <property name="style:normal:fg_color">
            <![CDATA[#3583d6ff]]>
        </property>
    </slider>
    <button name="button5" x="343" y="396" w="127" h="36" text="START" feedback="true" function="open_window" target_name="welcome" min="0" max="100" increase_decrease="++" step="1" format="%02d">
        <property name="style:normal:font_name">
            <![CDATA[radiospace]]>
        </property>
        <property name="style:normal:font_size">
            <![CDATA[30]]>
        </property>
    </button>
</window>