<window name="info" x="0" y="0" w="800" h="480">
    <property name="style:normal:bg_color">
        <![CDATA[#070d15ff]]>
    </property>
    <property name="style:normal:bg_image_draw_type">
        <![CDATA[icon]]>
    </property>
    <button name="button4" x="644" y="392" w="97" h="36" text="LOCAL" feedback="true" function="open_window" target_name="dashboard" min="0" max="100" increase_decrease="++" step="1" format="%02d">
        <property name="style:normal:font_name">
            <![CDATA[radiospace]]>
        </property>
        <property name="style:normal:font_size">
            <![CDATA[27]]>
        </property>
    </button>
    <switch name="do0_r" x="650" y="70" w="70" h="26" value="false" feedback="true">
        <property name="style:normal:bg_color">
            <![CDATA[#636161ff]]>
        </property>
        <property name="style:normal:selected_bg_color">
            <![CDATA[#42d242ff]]>
        </property>
    </switch>
    <switch name="do1_r" x="650" y="110" w="70" h="25" value="false" feedback="true">
        <property name="style:normal:bg_color">
            <![CDATA[#636161ff]]>
        </property>
        <property name="style:normal:selected_bg_color">
            <![CDATA[#42d242ff]]>
        </property>
    </switch>
    <switch name="do2_r" x="650" y="150" w="70" h="25" value="false" feedback="true">
        <property name="style:normal:bg_color">
            <![CDATA[#636161ff]]>
        </property>
        <property name="style:normal:selected_bg_color">
            <![CDATA[#42d242ff]]>
        </property>
    </switch>
    <switch name="do3_r" x="650" y="190" w="70" h="25" value="false" feedback="true">
        <property name="style:normal:bg_color">
            <![CDATA[#636161ff]]>
        </property>
        <property name="style:normal:selected_bg_color">
            <![CDATA[#42d242ff]]>
        </property>
    </switch>
    <switch name="do4_r" x="650" y="230" w="70" h="25" value="false" feedback="true">
        <property name="style:normal:bg_color">
            <![CDATA[#636161ff]]>
        </property>
        <property name="style:normal:selected_bg_color">
            <![CDATA[#42d242ff]]>
        </property>
    </switch>
    <label name="label61" x="564" y="70" w="74" h="28" text="DO0" length="-1">
        <property name="style:normal:text_color">
            <![CDATA[#fcfcfdff]]>
        </property>
        <property name="style:normal:font_size">
            <![CDATA[25]]>
        </property>
    </label>
    <label name="label62" x="565" y="110" w="74" h="28" text="DO1" length="-1">
        <property name="style:normal:text_color">
            <![CDATA[#fcfcfdff]]>
        </property>
        <property name="style:normal:font_size">
            <![CDATA[25]]>
        </property>
    </label>
    <label name="label63" x="565" y="150" w="74" h="28" text="DO2" length="-1">
        <property name="style:normal:text_color">
            <![CDATA[#fcfcfdff]]>
        </property>
        <property name="style:normal:font_size">
            <![CDATA[25]]>
        </property>
    </label>
    <label name="label64" x="565" y="190" w="74" h="28" text="DO3" length="-1">
        <property name="style:normal:text_color">
            <![CDATA[#fcfcfdff]]>
        </property>
        <property name="style:normal:font_size">
            <![CDATA[25]]>
        </property>
    </label>
    <label name="label65" x="565" y="230" w="74" h="28" text="DO4" length="-1">
        <property name="style:normal:text_color">
            <![CDATA[#fcfcfdff]]>
        </property>
        <property name="style:normal:font_size">
            <![CDATA[25]]>
        </property>
    </label>
    <label name="iplabel" x="272" y="116" w="152" h="39" text="-" length="-1">
        <property name="style:normal:text_color">
            <![CDATA[#171719ff]]>
        </property>
        <property name="style:normal:font_size">
            <![CDATA[25]]>
        </property>
        <property name="style:normal:bg_color">
            <![CDATA[#f4f4f7ff]]>
        </property>
        <property name="style:normal:round_radius">
            <![CDATA[10]]>
        </property>
        <property name="style:normal:round_radius_top_left">
            <![CDATA[10]]>
        </property>
        <property name="style:normal:round_radius_top_right">
            <![CDATA[10]]>
        </property>
        <property name="style:normal:round_radius_bottom_left">
            <![CDATA[10]]>
        </property>
        <property name="style:normal:round_radius_bottom_right">
            <![CDATA[10]]>
        </property>
        <property name="style:normal:border_color">
            <![CDATA[#ffffffff]]>
        </property>
    </label>
    <label name="label67" x="156" y="122" w="95" h="28" text="Remote IP:" length="-1">
        <property name="style:normal:text_color">
            <![CDATA[#fcfcfdff]]>
        </property>
        <property name="style:normal:font_size">
            <![CDATA[25]]>
        </property>
    </label>
    <label name="label85" x="274" y="33" w="204" h="48" text="REMOTE CONTROL" length="-1">
        <property name="style:normal:text_color">
            <![CDATA[#f5f5f5ff]]>
        </property>
        <property name="style:normal:font_name">
            <![CDATA[radiospace]]>
        </property>
        <property name="style:normal:font_size">
            <![CDATA[33]]>
        </property>
    </label>
    <edit name="edit4" x="272" y="194" w="153" h="39" min="0" max="100" step="1" auto_fix="true" tips="Please enter your text">
        <property name="style:normal:round_radius">
            <![CDATA[10]]>
        </property>
        <property name="style:normal:round_radius_top_left">
            <![CDATA[10]]>
        </property>
        <property name="style:normal:round_radius_top_right">
            <![CDATA[10]]>
        </property>
        <property name="style:normal:round_radius_bottom_left">
            <![CDATA[10]]>
        </property>
        <property name="style:normal:round_radius_bottom_right">
            <![CDATA[10]]>
        </property>
    </edit>
</window>