<window name="welcome_page" x="0" y="0" w="800" h="480">
    <property name="style:normal:bg_color">
        <![CDATA[#0e141bff]]>
    </property>
    <property name="style:normal:bg_image">
        <![CDATA[plc085_8k]]>
    </property>
    <property name="style:normal:bg_image_draw_type">
        <![CDATA[scale_h]]>
    </property>
    <button name="button1" x="610" y="363" w="113" h="55" text="START" sensitive="false" style="default" function="open_window" target_name="dashboard" min="0" max="100" increase_decrease="++" step="1" format="%02d" theme="default">
        <property name="style:normal:text_color">
            <![CDATA[#9e9e9fff]]>
        </property>
        <property name="style:normal:font_size">
            <![CDATA[32]]>
        </property>
        <property name="style:normal:bg_color">
            <![CDATA[#000000ff]]>
        </property>
        <property name="style:normal:round_radius">
            <![CDATA[16]]>
        </property>
        <property name="style:normal:round_radius_top_left">
            <![CDATA[16]]>
        </property>
        <property name="style:normal:round_radius_top_right">
            <![CDATA[16]]>
        </property>
        <property name="style:normal:round_radius_bottom_left">
            <![CDATA[16]]>
        </property>
        <property name="style:normal:round_radius_bottom_right">
            <![CDATA[16]]>
        </property>
        <property name="style:pressed:font_name">
            <![CDATA[radiospace]]>
        </property>
        <property name="style:pressed:font_size">
            <![CDATA[40]]>
        </property>
        <property name="style:pressed:bg_color">
            <![CDATA[#2a6b15ff]]>
        </property>
    </button>
</window>