<window name="welcome" x="0" y="0" w="800" h="480">
    <property name="style:normal:bg_color">
        <![CDATA[#0e141bff]]>
    </property>
    <property name="style:normal:bg_image">
        <![CDATA[plc085_8k]]>
    </property>
    <property name="style:normal:bg_image_draw_type">
        <![CDATA[scale_h]]>
    </property>
    <button name="button7" x="600" y="354" w="100" h="36" text="START" feedback="true" function="open_window" target_name="dashboard" min="0" max="100" increase_decrease="++" step="1" format="%02d">
        <property name="style:normal:font_name">
            <![CDATA[radiospace]]>
        </property>
        <property name="style:normal:font_size">
            <![CDATA[32]]>
        </property>
        <property name="style:normal:round_radius">
            <![CDATA[10]]>
        </property>
        <property name="style:normal:round_radius_top_left">
            <![CDATA[10]]>
        </property>
        <property name="style:normal:round_radius_top_right">
            <![CDATA[10]]>
        </property>
        <property name="style:normal:round_radius_bottom_left">
            <![CDATA[10]]>
        </property>
        <property name="style:normal:round_radius_bottom_right">
            <![CDATA[10]]>
        </property>
    </button>
</window>