{
  "additionalFiles": "",
  "builtInToolsFolders": "",
  "compiler.optimization_flags": "",
  "customBuildProperties": "",
  "fqbn": "arduino:mbed_opta:opta",
  "hardwareFolders": "C:\\Users\\jho12\\AppData\\Local\\T\\A\\packages",
  "otherLibrariesFolders": "C:\\Users\\jho12\\AppData\\Local\\T\\U\\libraries",
  "runtime.ide.version": "10607",
  "sketchLocation": "D:\\Downloads\\Personal Projects\\ARDUINO\\PLC IDE\\Modbus Tutorial Expansion\\Modbus TCP with PLC IDE - Opta\\Example Software\\ModbusTCP_Opta_Server\\LLSketch"
}