"","Quantity","Designator","Code Arduino","Description","Part Number","Manufacturer"
,"1","PB1","0173","PUSHBUTTON WHITE NO ANCHORS","IT-1185AP1C-160G-GTR","Switronic"
,"1","C1","0689","CAP CHIP 0805 4.7nF 10% 1000V X7R","FV21X472K102ECG","PSA Shenzen"
,"9","C2, C7, C8, C9, C11, C12, C19, C21, C24","A5141","CAP CHIP 0402 100nF 10% 50V X5R","GRM155R61H104KE19D","Murata"
,"4","C3, C4, C17, C23","2213","CAP CHIP 0603 10uF 20% 25V X5R","C1608A106M250NT","Hottech"
,"1","C5","0132","CAP CHIP 0402 100nF 10% 16V X7R","0402B104K160CT","Walsin"
,"2","C6, C10","2321","CAP CHIP 0402 1nF 10% 50V X7R","GRM155R71H102KA01D","KEMET"
,"1","C13","0165","CAP CHIP 0402 10nF 10% 50V X7R","C1005B103K500NT","Hottech"
,"1","C14","0833","CAP CHIP 0402 4.7uF 20% 6V3 X5R","C1005A475M6R3NT","Hottech"
,"4","C15, C16, C22, C25","0133","CAP CHIP 0402 1uF 10% 10V X5R","CL05A105KP5NNNC","Samsung Electro-Mechanics"
,"1","C20","0137","CAP CHIP 0402 22pF 5% 50V C0G","0402N220J500CT","Walsin"
,"1","D1","2209","TVS ARRAY 4LIN.8kV 1pF SOT143B","PRTR5V0U2X,215","Nexperia"
,"1","D2","2208","DIODE SCHOTTKY SMD 2A 60V SOD123FL","PMEG6020AELRX","Nexperia"
,"1","DL1","2243","LED SMD 0603 GIA588   8mcd 120^","KPT-1608YC","Kingbright"
,"1","DL2","2204","LED SMD 0603 GREEN/568 15mcd 120^","HSMG-C190","Broadcom"
,"1","DL3","A5469","LED RGB DIFFUSED PICOLED SMD","SMLP34RGB2W3","ROHM Semiconductor"
,"1","J1","2219","CONN USB MICRO F/90^ SMD TipoAB 5x1","ZX62-AB-5PA(31)","Hirose"
,"1","JP2","0646","CONN THD SOCKET F/1/D 15V JANALOG NANO-TYPE CASTELLATED","",""
,"1","JP3","0646","CONN THD SOCKET F/1/D 15V JDIGITAL NANO-TYPE CASTELLATED","",""
,"1","L1","A5482","FERRITE SMD 0603 45mOHM 2A","BLM18EG101TN1D","Murata"
,"1","L2","I0045","IND CHIP 0806 3.3 uH 20% 1.2A","MAKK2016T3R3M","Taiyo Yuden"
,"1","Q1","2368","MOSFET N-CH 60V 115mA SOT523","2N7002T-7-F","Diodes Inc."
,"1","R1","0139","RES CHIP 0402 1M 1% 1/16W","CRCW04021M00FKED","Vishay"
,"2","R2, R3","2229","RES CHIP 0402 330R 5% 1/16W","CRCW0402330RJNED","Vishay"
,"4","R4, R5, R13, R14","2196","RES CHIP 0402 4k7 1% 1/16W","RC0402FR-074K7L","YAGEO"
,"2","R6, R9","R0070","RES CHIP 0402 976k 1% 1/16W","CRCW0402976KFKED","Vishay"
,"3","R7, R11, R12","0140","RES CHIP 0402 1k 1% 1/16W","CRCW04021K00FKEDC","Vishay"
,"1","R8","2334","RES CHIP 0402 220k 1% 1/16W","CRCW0402220KFKED","Vishay"
,"1","R15","0468","RES CHIP 0402 22R 1% 1/16W","RC0402FR-0722RL","YAGEO"
,"4","SJ1, SJ2, SJ3, SJ5","This is not a component","Solder Jumper 0805 THIS IS NOT A COMPONENT","",""
,"1","SJ4","","Solder Jumper shorted pads. This is not a component","",""
,"1","U1","NINA-B306","MODULE BLE 5.0 STAND ALONE nRF52","NINA-B306","UBlox"
,"1","U2","U0217","IC IMU 6 AXIS 14VFLGA pin to pin alternative to LSM6DSOXTR","BMI270","Bosch Sensortec"
,"1","U3","A5470","SENS MEMS AUDIO OMNIDIRECTIONAL","MP34DT06JTR","ST Microelectronics"
,"1","U4","U0034","IC AUTHENTICATION CHIP UDFN8","ATECC608A-MAHDA-T","Microchip"
,"1","U5","A5475","IC SENS OPT 560NM AMBIENT MODULE APDS-9960","APDS-9960","Broadcom"
,"1","U6","U0072","IC STEP DOWN CONV 1A 22V QFN8","MP2322GQH","Monolithic Power Systems"
,"1","U7","U0153","IC SENSOR 3-AXIS GEOMAGNETIC","BMM150","Bosch Sensortec"
,"1","U8","U0253","IC PRESSURE AND TEMPERATURE SENSOR 6-LGA","HS3003","Renesas"
,"1","U9","A5390","SENSOR PRESSURE 3.77 PSI ~ 18.27 PSI (26 kPa ~ 126 kPa) Absolute 24 b 10-WFLGA","LPS22HBTR","ST Microelectronics"
