Fitted,Quantity,Designator,Description,Part Number,Manufacturer

"","6","C1, C6, C8, C9, C10, C17","CAP CHIP 0603 100nF 50V X7R 10%","C0603C104K5RAC3190","KEMET"
"","4","C2, C3, C5, C7","CAP CHIP 0603 1UF 25V X5R 20%","TMK107BJ105MAHT","Taiyo Yuden"
"","1","C4","CAP CHIP 0603 10uF 16V X5R 10%","GRM188R61C106KAALD","Murata"
"","1","D1","DIODE FAST SMD 200mA 100V SOD123","1N4148W","Vishay"
"","1","DL1","LED RGB DIFFUSED PICOLED SMD","SMLP34RGB2W3","ROHM Semiconductor"
"","1","J3","CONN SOCKET 2ROW 20POS VERTICAL PASS THROUGH + SMD with fixing + pick and place cap, in reel","21TW-247","4UCON"
"","1","J4","CONN FFC SMD HORIZONTAL TOP CONNECTION 20POS 0.5mm","F32Q-1A7H1-11020","Amphenol"
"","1","J5","CONN FFC SMD HORIZONTAL TOP CONNECTION 8POS 0.5mm","F32Q-1A7H1-11008","Amphenol"
"","1","J6","HEADER SMD 2.54mm VERT. 2x012POS ALIGN PINS REEL PICK AND PLACE","TSM-112-01-F-DV-A-P-FR","Samtech"
"","1","J7","HEADER SMD 2.54mm VERT. 2x010POS ALIGN PINS REEL PICK AND PLACE","TSM-110-01-F-DV-A-P-FR","Samtech"
"","1","L1","IND SMD 15uH Isat 70mA Imax 200mA 2MHz 0603","MLZ1608M150WTD25","TDK"
"","8","R1, R2, R11, R12, R18, R21, R24, R27","RES CHIP 0603 10k 5% 1/10W B.5k","CRCW060310K0JNEAC","Vishay"
"","15","R10, R16, R17, R19, R20, R22, R23, R31, R32, R33, R34, R35, R36, R52, R53","RES CHIP 0603 0R 1/10W","CRCW06030000Z0EAC","Vishay"
"","3","R13, R14, R15","RES CHIP 0603 330R 1% 1/10W","CRCW0603330RFKEAC","Vishay"
"","2","R28, R29","RES CHIP 0603 10R 1% 1/10W","CRCW060310R0FKEAC","Vishay"
"","1","U1","SENS MEMS AUDIO OMNIDIRECTIONAL","MP34DT06JTR","STMicroelectronics"
"","1","U2","IC LED DRIVER RGB W (4ch) charge pump self running QFN16","IS31FL3197-QFLS2-TR","Lumissil"
"","1","U3","IC LED BOOST DRIVER PWM DIMMING VIN 2V7 TO 5V5 VOUT MAX 40V","LV52204MTTBG","ON Semiconductor"
"","1","U7","IC IMU 6 AXIS 14VFLGA pin to pin alternative to LSM6DSOXTR","BMI270","Bosch Sensortech"
